RGID,RGSM,RGPL,RGLB,RGCN,RGPM,Lane,Read1File,Read2File,RGTY
23GJMMLT4.TCTCATGATA.TCCACGTGTT.1,000000014963A01,ILLUMINA,000000015263_LB,BI,NovaSeq X,23GJMMLT4.1.TCTCATGATA_AACACGTGGA,/seq/fastq/23GJMMLT4_1_000000014663A01_EXPRESSION_S1_L001_R1_001.fastq.gz,/seq/fastq/23GJMMLT4_1_000000014663A01_EXPRESSION_S1_L001_R2_001.fastq.gz,expression
23GJMMLT4.TGCCGGTCAG.TTGTATCAGG.1,000000014963A01,ILLUMINA,000000015263_LB,BI,NovaSeq X,23GJMMLT4.1.TGCCGGTCAG_CCTGATACAA,/seq/fastq/23GJMMLT4_1_000000014363A01_FEATURE_S5_L001_R1_001.fastq.gz,/seq/fastq/23GJMMLT4_1_000000014363A01_FEATURE_S5_L001_R2_001.fastq.gz,feature
23GJMMLT4.CACTCAATTC.CACAACTTAA.1,000000014963B01,ILLUMINA,000000015263_LB,BI,NovaSeq X,23GJMMLT4.1.CACTCAATTC_TTAAGTTGTG,/seq/fastq/23GJMMLT4_1_000000014363B01_FEATURE_S14_L001_R1_001.fastq.gz,/seq/fastq/23GJMMLT4_1_000000014363B01_FEATURE_S14_L001_R2_001.fastq.gz,feature
23GJMMLT4.CGAGGCCAAG.CCGGTAACAC.1,000000014963B01,ILLUMINA,000000015263_LB,BI,NovaSeq X,23GJMMLT4.1.CGAGGCCAAG_GTGTTACCGG,/seq/fastq/23GJMMLT4_1_000000014663B01_EXPRESSION_S10_L001_R1_001.fastq.gz,/seq/fastq/23GJMMLT4_1_000000014663B01_EXPRESSION_S10_L001_R2_001.fastq.gz,expression
23GJMMLT4.TCTCACACGC.TCACTGTCCG.1,000000014963C01,ILLUMINA,000000015263_LB,BI,NovaSeq X,23GJMMLT4.1.TCTCACACGC_CGGACAGTGA,/seq/fastq/23GJMMLT4_1_000000014363C01_FEATURE_S6_L001_R1_001.fastq.gz,/seq/fastq/23GJMMLT4_1_000000014363C01_FEATURE_S6_L001_R2_001.fastq.gz,feature
23GJMMLT4.TTCACGAGAC.GTAACAATCT.1,000000014963C01,ILLUMINA,000000015263_LB,BI,NovaSeq X,23GJMMLT4.1.TTCACGAGAC_AGATTGTTAC,/seq/fastq/23GJMMLT4_1_000000014663C01_EXPRESSION_S2_L001_R1_001.fastq.gz,/seq/fastq/23GJMMLT4_1_000000014663C01_EXPRESSION_S2_L001_R2_001.fastq.gz,expression
23GJMMLT4.TCTCACACGC.TCACTGTCCG.1,000000014963C01,ILLUMINA,000000015263_LB,BI,NovaSeq X,23GJMMLT4.1.TCTCACACGC_CGGACAGTGA,/seq/fastq/23GJMMLT4_1_000000014363C01_FEATURE_S6_L001_R1_001.fastq.gz,/seq/fastq/23GJMMLT4_1_000000014363C01_FEATURE_S6_L001_R2_001.fastq.gz,feature
23GJMMLT4.TTCACGAGAC.GTAACAATCT.1,000000014963C01,ILLUMINA,000000015263_LB,BI,NovaSeq X,23GJMMLT4.1.TTCACGAGAC_AGATTGTTAC,/seq/fastq/23GJMMLT4_1_000000014663C01_EXPRESSION_S2_L001_R1_001.fastq.gz,/seq/fastq/23GJMMLT4_1_000000014663C01_EXPRESSION_S2_L001_R2_001.fastq.gz,expression
23GJMMLT4.TCAATGGAGA.GTTGTAGTGC.1,000000014963D01,ILLUMINA,000000015263_LB,BI,NovaSeq X,23GJMMLT4.1.TCAATGGAGA_GCACTACAAC,/seq/fastq/23GJMMLT4_1_000000014363D01_FEATURE_S9_L001_R1_001.fastq.gz,/seq/fastq/23GJMMLT4_1_000000014363D01_FEATURE_S9_L001_R2_001.fastq.gz,feature
23GJMMLT4.GCGTGGATGG.CATTGGTCAA.1,000000014963D01,ILLUMINA,000000015263_LB,BI,NovaSeq X,23GJMMLT4.1.GCGTGGATGG_TTGACCAATG,/seq/fastq/23GJMMLT4_1_000000014663D01_EXPRESSION_S15_L001_R1_001.fastq.gz,/seq/fastq/23GJMMLT4_1_000000014663D01_EXPRESSION_S15_L001_R2_001.fastq.gz,expression
23GJMMLT4.ATATGCATGT.CCAGGCACCA.1,000000014963E01,ILLUMINA,000000015263_LB,BI,NovaSeq X,23GJMMLT4.1.ATATGCATGT_TGGTGCCTGG,/seq/fastq/23GJMMLT4_1_000000014363E01_FEATURE_S12_L001_R1_001.fastq.gz,/seq/fastq/23GJMMLT4_1_000000014363E01_FEATURE_S12_L001_R2_001.fastq.gz,feature
23GJMMLT4.TCTGGTATCC.GTAAGCAACG.1,000000014963E01,ILLUMINA,000000015263_LB,BI,NovaSeq X,23GJMMLT4.1.TCTGGTATCC_CGTTGCTTAC,/seq/fastq/23GJMMLT4_1_000000014663E01_EXPRESSION_S8_L001_R1_001.fastq.gz,/seq/fastq/23GJMMLT4_1_000000014663E01_EXPRESSION_S8_L001_R2_001.fastq.gz,expression
23GJMMLT4.CATTAGTGCG.TATGTAGTCA.1,000000014963F01,ILLUMINA,000000015263_LB,BI,NovaSeq X,23GJMMLT4.1.CATTAGTGCG_TGACTACATA,/seq/fastq/23GJMMLT4_1_000000014663F01_EXPRESSION_S11_L001_R1_001.fastq.gz,/seq/fastq/23GJMMLT4_1_000000014663F01_EXPRESSION_S11_L001_R2_001.fastq.gz,expression
23GJMMLT4.CTAGCTTCAA.AGCTTACACA.1,000000014963F01,ILLUMINA,000000015263_LB,BI,NovaSeq X,23GJMMLT4.1.CTAGCTTCAA_TGTGTAAGCT,/seq/fastq/23GJMMLT4_1_000000014363F01_FEATURE_S13_L001_R1_001.fastq.gz,/seq/fastq/23GJMMLT4_1_000000014363F01_FEATURE_S13_L001_R2_001.fastq.gz,feature
23GJMMLT4.TCCGTTATGT.TACACTACAA.1,000000014963G01,ILLUMINA,000000015263_LB,BI,NovaSeq X,23GJMMLT4.1.TCCGTTATGT_TTGTAGTGTA,/seq/fastq/23GJMMLT4_1_000000014363G01_FEATURE_S16_L001_R1_001.fastq.gz,/seq/fastq/23GJMMLT4_1_000000014363G01_FEATURE_S16_L001_R2_001.fastq.gz,feature
23GJMMLT4.ACGGTCAGGA.AACGAGGCCG.1,000000014963G01,ILLUMINA,000000015263_LB,BI,NovaSeq X,23GJMMLT4.1.ACGGTCAGGA_CGGCCTCGTT,/seq/fastq/23GJMMLT4_1_000000014663G01_EXPRESSION_S7_L001_R1_001.fastq.gz,/seq/fastq/23GJMMLT4_1_000000014663G01_EXPRESSION_S7_L001_R2_001.fastq.gz,expression
23GJMMLT4.GGTCTATTAA.CGTGTCGTGG.1,000000014963H01,ILLUMINA,000000015263_LB,BI,NovaSeq X,23GJMMLT4.1.GGTCTATTAA_CCACGACACG,/seq/fastq/23GJMMLT4_1_000000014363H01_FEATURE_S4_L001_R1_001.fastq.gz,/seq/fastq/23GJMMLT4_1_000000014363H01_FEATURE_S4_L001_R2_001.fastq.gz,feature
23GJMMLT4.GGCAAGCCAG.CGGATGCTTG.1,000000014963H01,ILLUMINA,000000015263_LB,BI,NovaSeq X,23GJMMLT4.1.GGCAAGCCAG_CAAGCATCCG,/seq/fastq/23GJMMLT4_1_000000014663H01_EXPRESSION_S3_L001_R1_001.fastq.gz,/seq/fastq/23GJMMLT4_1_000000014663H01_EXPRESSION_S3_L001_R2_001.fastq.gz,expression
23GJMMLT4.GGTCTATTAA.CGTGTCGTGG.1,000000014963H01,ILLUMINA,000000015263_LB,BI,NovaSeq X,23GJMMLT4.1.GGTCTATTAA_CCACGACACG,/seq/fastq/23GJMMLT4_1_000000014363H01_FEATURE_S4_L001_R1_001.fastq.gz,/seq/fastq/23GJMMLT4_1_000000014363H01_FEATURE_S4_L001_R2_001.fastq.gz,feature
23GJMMLT4.GGCAAGCCAG.CGGATGCTTG.1,000000014963H01,ILLUMINA,000000015263_LB,BI,NovaSeq X,23GJMMLT4.1.GGCAAGCCAG_CAAGCATCCG,/seq/fastq/23GJMMLT4_1_000000014663H01_EXPRESSION_S3_L001_R1_001.fastq.gz,/seq/fastq/23GJMMLT4_1_000000014663H01_EXPRESSION_S3_L001_R2_001.fastq.gz,expression
23GJMMLT4.GGTCTATTAA.CGTGTCGTGG.3,000000014963H01,ILLUMINA,000000015263_LB,BI,NovaSeq X,23GJMMLT4.3.GGTCTATTAA_CCACGACACG,/seq/fastq/23GJMMLT4_3_000000014363H01_FEATURE_S36_L003_R1_001.fastq.gz,/seq/fastq/23GJMMLT4_3_000000014363H01_FEATURE_S36_L003_R2_001.fastq.gz,feature